,model,train_rmse,test_rmse,train_mae,test_mae,train_r2,test_r2,training_time,train_accuracy,test_accuracy,train_precision,test_precision,train_recall,test_recall,train_f1,test_f1,test_auc
rf_regression,Random Forest Regression,0.47517749777859125,1.0117182825364006,0.35604382034632037,0.7468853162578163,0.9454393186181648,0.7589998196609502,0.07714366912841797,,,,,,,,,
rf_classification,Random Forest Classification,,,,,,,0.0736074447631836,1.0,0.9888888888888889,1.0,0.0,1.0,0.0,1.0,0.0,1.0
xgb_regression,XGBoost Regression,0.06069624841002611,1.0509408028443223,0.04572342708706856,0.793146014213562,0.9991098046302795,0.7399513125419617,0.17166805267333984,,,,,,,,,
xgb_classification,XGBoost Classification,,,,,,,0.02399897575378418,1.0,0.9888888888888889,1.0,0.5,1.0,1.0,1.0,0.6666666666666666,0.9999999999999999
